{
  "_GO": 0, 
  "_EOS": 1, 
  "_UNK": 2, 
  "_PAD": 3, 
  ".": 4, 
  "you": 5, 
  "?": 6, 
  "is": 7, 
  "the": 8, 
  "i": 9, 
  ",": 10, 
  "a": 11, 
  "to": 12, 
  "[value_count]": 13, 
  "for": 14, 
  "and": 15, 
  "would": 16, 
  "have": 17, 
  "in": 18, 
  "are": 19, 
  "there": 20, 
  "like": 21, 
  "at": 22, 
  "number": 23, 
  "your": 24, 
  "can": 25, 
  "that": 26, 
  "of": 27, 
  "[value_area]": 28, 
  "else": 29, 
  "anything": 30, 
  "with": 31, 
  "do": 32, 
  "it": 33, 
  "!": 34, 
  "[value_time]": 35, 
  "help": 36, 
  "what": 37, 
  "book": 38, 
  "[restaurant_name]": 39, 
  "reference": 40, 
  "day": 41, 
  "be": 42, 
  "will": 43, 
  "[value_pricerange]": 44, 
  "[hotel_name]": 45, 
  "[value_place]": 46, 
  "-s": 47, 
  "time": 48, 
  "on": 49, 
  "me": 50, 
  "restaurant": 51, 
  "or": 52, 
  "[attraction_name]": 53, 
  "area": 54, 
  "was": 55, 
  "price": 56, 
  "town": 57, 
  "[value_food]": 58, 
  "great": 59, 
  "booking": 60, 
  "phone": 61, 
  "need": 62, 
  "located": 63, 
  "[train_id]": 64, 
  "range": 65, 
  "welcome": 66, 
  "hotel": 67, 
  "train": 68, 
  "booked": 69, 
  "free": 70, 
  "today": 71, 
  "thank": 72, 
  "how": 73, 
  "am": 74, 
  "any": 75, 
  "sure": 76, 
  "yes": 77, 
  "from": 78, 
  "s": 79, 
  "their": 80, 
  "not": 81, 
  "many": 82, 
  "we": 83, 
  "goodbye": 84, 
  "postcode": 85, 
  "no": 86, 
  "[value_price]": 87, 
  "successful": 88, 
  "address": 89, 
  "food": 90, 
  "[hotel_reference]": 91, 
  "[value_day]": 92, 
  "okay": 93, 
  "reservation": 94, 
  "stay": 95, 
  "table": 96, 
  "type": 97, 
  "where": 98, 
  "[restaurant_reference]": 99, 
  "sorry": 100, 
  "[train_reference]": 101, 
  "fee": 102, 
  "they": 103, 
  "by": 104, 
  "contact": 105, 
  "if": 106, 
  "information": 107, 
  "want": 108, 
  "[attraction_address]": 109, 
  "[restaurant_address]": 110, 
  "minutes": 111, 
  "about": 112, 
  "all": 113, 
  "[taxi_type]": 114, 
  "[taxi_phone]": 115, 
  "enjoy": 116, 
  "parking": 117, 
  "has": 118, 
  "leaves": 119, 
  "star": 120, 
  "trains": 121, 
  "more": 122, 
  "which": 123, 
  "try": 124, 
  "[attraction_phone]": 125, 
  "arrive": 126, 
  "an": 127, 
  "looking": 128, 
  "arrives": 129, 
  "different": 130, 
  "recommend": 131, 
  "leave": 132, 
  "this": 133, 
  "guesthouse": 134, 
  "prefer": 135, 
  "[restaurant_phone]": 136, 
  "place": 137, 
  "but": 138, 
  "pounds": 139, 
  "another": 140, 
  "part": 141, 
  "available": 142, 
  "options": 143, 
  "people": 144, 
  "criteria": 145, 
  "assist": 146, 
  "station": 147, 
  "using": 148, 
  "priced": 149, 
  "ok": 150, 
  "preference": 151, 
  "leaving": 152, 
  "could": 153, 
  "know": 154, 
  "[restaurant_postcode]": 155, 
  "gbp": 156, 
  "[hotel_address]": 157, 
  "travel": 158, 
  "nice": 159, 
  "-ly": 160, 
  "total": 161, 
  "please": 162, 
  "[attraction_postcode]": 163, 
  "entrance": 164, 
  "good": 165, 
  "make": 166, 
  "room": 167, 
  "may": 168, 
  "taxi": 169, 
  "work": 170, 
  "departing": 171, 
  "reserved": 172, 
  "other": 173, 
  "us": 174, 
  "does": 175, 
  "able": 176, 
  "our": 177, 
  "tickets": 178, 
  "payable": 179, 
  "guesthouses": 180, 
  "destination": 181, 
  "get": 182, 
  "several": 183, 
  "particular": 184, 
  "found": 185, 
  "departure": 186, 
  "stars": 187, 
  "internet": 188, 
  "up": 189, 
  "city": 190, 
  "very": 191, 
  "trip": 192, 
  "them": 193, 
  "find": 194, 
  "as": 195, 
  "interested": 196, 
  "wifi": 197, 
  "[hotel_phone]": 198, 
  "[hotel_postcode]": 199, 
  "specific": 200, 
  "arriving": 201, 
  "happy": 202, 
  "towninfo": 203, 
  "ticket": 204, 
  "mind": 205, 
  "attraction": 206, 
  "glad": 207, 
  "something": 208, 
  "when": 209, 
  "side": 210, 
  "those": 211, 
  "did": 212, 
  "both": 213, 
  "cuisine": 214, 
  "code": 215, 
  "further": 216, 
  "let": 217, 
  "unfortunately": 218, 
  "location": 219, 
  "service": 220, 
  "wonderful": 221, 
  "nights": 222, 
  "serves": 223, 
  "meet": 224, 
  "thanks": 225, 
  "museum": 226, 
  "been": 227, 
  "center": 228, 
  "so": 229, 
  "visit": 230, 
  "down": 231, 
  "certain": 232, 
  "certainly": 233, 
  "go": 234, 
  "look": 235, 
  "my": 236, 
  "narrow": 237, 
  "rating": 238, 
  "needs": 239, 
  "contacting": 240, 
  "assistance": 241, 
  "traveling": 242, 
  "attractions": 243, 
  "hope": 244, 
  "also": 245, 
  "suggest": 246, 
  "well": 247, 
  "museums": 248, 
  "depart": 249, 
  "call": 250, 
  "arrival": 251, 
  "post": 252, 
  "choose": 253, 
  "set": 254, 
  "car": 255, 
  "tell": 256, 
  "alright": 257, 
  "should": 258, 
  "course": 259, 
  "departs": 260, 
  "just": 261, 
  "going": 262, 
  "fit": 263, 
  "cost": 264, 
  "problem": 265, 
  "search": 266, 
  "shall": 267, 
  "system": 268, 
  "here": 269, 
  "staying": 270, 
  "first": 271, 
  "some": 272, 
  "pleasure": 273, 
  "only": 274, 
  "few": 275, 
  "reserve": 276, 
  "quite": 277, 
  "match": 278, 
  "offer": 279, 
  "again": 280, 
  "serve": 281, 
  "starting": 282, 
  "colleges": 283, 
  "request": 284, 
  "admission": 285, 
  "were": 286, 
  "days": 287, 
  "calling": 288, 
  "these": 289, 
  "thing": 290, 
  "reservations": 291, 
  "preferences": 292, 
  "matching": 293, 
  "absolutely": 294, 
  "made": 295, 
  "pick": 296, 
  "after": 297, 
  "now": 298, 
  "called": 299, 
  "got": 300, 
  "perhaps": 301, 
  "its": 302, 
  "either": 303, 
  "meets": 304, 
  "requirement": 305, 
  "give": 306, 
  "check": 307, 
  "sound": 308, 
  "info": 309, 
  "results": 310, 
  "see": 311, 
  "hour": 312, 
  "choices": 313, 
  "entertainment": 314, 
  "bye": 315, 
  "[hospital_address]": 316, 
  "party": 317, 
  "completed": 318, 
  "id": 319, 
  "take": 320, 
  "then": 321, 
  "architecture": 322, 
  "park": 323, 
  "listed": 324, 
  "night": 325, 
  "[police_address]": 326, 
  "college": 327, 
  "kind": 328, 
  "unsuccessful": 329, 
  "services": 330, 
  "[hospital_phone]": 331, 
  "serving": 332, 
  "[hospital_postcode]": 333, 
  "every": 334, 
  "[attraction_reference]": 335, 
  "unable": 336, 
  "matches": 337, 
  "lovely": 338, 
  "seat": 339, 
  "might": 340, 
  "[police_phone]": 341, 
  "guest": 342, 
  "per": 343, 
  "out": 344, 
  "[hospital_name]": 345, 
  "most": 346, 
  "before": 347, 
  "too": 348, 
  "shorter": 349, 
  "house": 350, 
  "fits": 351, 
  "[police_postcode]": 352, 
  "telephone": 353, 
  "right": 354, 
  "preferred": 355, 
  "provide": 356, 
  "offers": 357, 
  "successfully": 358, 
  "site": 359, 
  "choice": 360, 
  "rated": 361, 
  "road": 362, 
  "looks": 363, 
  "i'll": 364, 
  "wanting": 365, 
  "questions": 366, 
  "cannot": 367, 
  "costs": 368, 
  "into": 369, 
  "actually": 370, 
  "apologize": 371, 
  "excellent": 372, 
  "earliest": 373, 
  "change": 374, 
  "interest": 375, 
  "back": 376, 
  "reach": 377, 
  "name": 378, 
  "postal": 379, 
  "picked": 380, 
  "care": 381, 
  "long": 382, 
  "none": 383, 
  "lot": 384, 
  "seats": 385, 
  "such": 386, 
  "best": 387, 
  "than": 388, 
  "think": 389, 
  "suit": 390, 
  "nothing": 391, 
  "closest": 392, 
  "same": 393, 
  "dine": 394, 
  "police": 395, 
  "eat": 396, 
  "option": 397, 
  "additional": 398, 
  "over": 399
}