{
    "<pad>": 0,
    "<s>": 1,
    "<eos>": 2,
    "none": 3,
    "inform": 4,
    "general": 5,
    "train": 6,
    "name": 7,
    "request": 8,
    "restaurant": 9,
    "booking": 10,
    "hotel": 11,
    "area": 12,
    "reqmore": 13,
    "choice": 14,
    "attraction": 15,
    "bye": 16,
    "type": 17,
    "price": 18,
    "ref": 19,
    "leave": 20,
    "addr": 21,
    "food": 22,
    "phone": 23,
    "day": 24,
    "book": 25,
    "welcome": 26,
    "arrive": 27,
    "recommend": 28,
    "depart": 29,
    "dest": 30,
    "id": 31,
    "taxi": 32,
    "post": 33,
    "offerbook": 34,
    "nooffer": 35,
    "people": 36,
    "select": 37,
    "stars": 38,
    "time": 39,
    "ticket": 40,
    "fee": 41,
    "offerbooked": 42,
    "greet": 43,
    "car": 44,
    "internet": 45,
    "parking": 46,
    "stay": 47,
    "nobook": 48,
    "open": 49
}